{"cameraMode":{"drawMode":0,"name":"Shaded","section":"Shading Mode"},"sceneLighting":true,"audioPlay":false,"sceneViewState":{"m_AlwaysRefresh":false,"showFog":true,"showSkybox":true,"showFlares":true,"showImageEffects":true,"showParticleSystems":true,"showVisualEffectGraphs":true,"m_FxEnabled":true},"in2DMode":false,"pivot":{"x":-3.684309482574463,"y":-18.032970428466798,"z":37.78841018676758},"rotation":{"x":0.25391820073127749,"y":-0.10565055161714554,"z":0.027969196438789369,"w":0.961069643497467},"size":23.766359329223634,"orthographic":false}