{"cameraMode":{"drawMode":0,"name":"Shaded","section":"Shading Mode"},"sceneLighting":true,"audioPlay":false,"sceneViewState":{"m_AlwaysRefresh":false,"showFog":true,"showSkybox":true,"showFlares":true,"showImageEffects":true,"showParticleSystems":true,"showVisualEffectGraphs":true,"m_FxEnabled":true},"in2DMode":false,"pivot":{"x":-249.75631713867188,"y":-124.04307556152344,"z":303.10101318359377},"rotation":{"x":-0.14615364372730256,"y":0.3402026295661926,"z":-0.05361175537109375,"w":-0.9273895621299744},"size":223.10008239746095,"orthographic":false}