{"cameraMode":{"drawMode":0,"name":"Shaded","section":"Shading Mode"},"sceneLighting":true,"audioPlay":false,"sceneViewState":{"m_AlwaysRefresh":false,"showFog":true,"showSkybox":true,"showFlares":true,"showImageEffects":true,"showParticleSystems":true,"showVisualEffectGraphs":true,"m_FxEnabled":true},"in2DMode":false,"pivot":{"x":-85.16507720947266,"y":-2.604543685913086,"z":-1.3690664768218995},"rotation":{"x":-0.017921369522809984,"y":0.7090767025947571,"z":-0.018139338120818139,"w":-0.7047624588012695},"size":51.330177307128909,"orthographic":false}