{"cameraMode":{"drawMode":0,"name":"Shaded","section":"Shading Mode"},"sceneLighting":true,"audioPlay":false,"sceneViewState":{"m_AlwaysRefresh":false,"showFog":true,"showSkybox":true,"showFlares":true,"showImageEffects":true,"showParticleSystems":true,"showVisualEffectGraphs":true,"m_FxEnabled":true},"in2DMode":false,"pivot":{"x":-12.44271183013916,"y":3.8321404457092287,"z":95.18341064453125},"rotation":{"x":0.019461557269096376,"y":0.06689426302909851,"z":0.0012226905673742295,"w":-0.9976322650909424},"size":47.0919075012207,"orthographic":false}