{"cameraMode":{"drawMode":0,"name":"Shaded","section":"Shading Mode"},"sceneLighting":false,"audioPlay":false,"sceneViewState":{"m_AlwaysRefresh":false,"showFog":true,"showSkybox":false,"showFlares":true,"showImageEffects":true,"showParticleSystems":true,"showVisualEffectGraphs":true,"m_FxEnabled":true},"in2DMode":false,"pivot":{"x":0.22828435897827149,"y":3.6661033630371095,"z":-0.43381738662719729},"rotation":{"x":0.3635132610797882,"y":-0.43305933475494387,"z":0.19651854038238526,"w":0.80106520652771},"size":6.999904155731201,"orthographic":false}