{"cameraMode":{"drawMode":0,"name":"Shaded","section":"Shading Mode"},"sceneLighting":false,"audioPlay":false,"sceneViewState":{"m_AlwaysRefresh":false,"showFog":true,"showSkybox":false,"showFlares":true,"showImageEffects":true,"showParticleSystems":true,"showVisualEffectGraphs":true,"m_FxEnabled":true},"in2DMode":false,"pivot":{"x":1.1920928955078126e-7,"y":1.8739869594573975,"z":-0.3818172216415405},"rotation":{"x":-0.07404199987649918,"y":0.8505539894104004,"z":-0.12466771900653839,"w":-0.5056352019309998},"size":2.4013917446136476,"orthographic":false}